Codigo Club;Provincia;Nombre Club
1001;Sevilla;SEVILLA F.C., S.A.D.
1002;Sevilla;REAL BETIS BALOMPIE S.A.D.
1003;Sevilla;CORIA C.F.
10038;Sevilla;PELOTEROS SIERRA SUR SEVILLA
1006;Sevilla;C.D. ALCALA
1009;Sevilla;A.D. SAN JOSE
10090;Sevilla;C.D. DEPORTE Y OCIO (ADYO)
10095;Sevilla;C.D. OLIMPIC DE TRIANA
1011;Sevilla;OSUNA BOTE CLUB
1012;Sevilla;C.D. EL PALMAR VEREDA REAL
10123;Sevilla;C.D. SAM-CAM DOS HERMANAS
10128;Sevilla;C.D. LOS PALACIOS C.F.
10181;Sevilla;C.D. ARAHAL BALOMPIÉ
10211;Sevilla;C.D. VALENCINA F.C.
10236;Sevilla;C.D. NEVALUZ ECIJA UNION DEPORTIVA
1024;Sevilla;TORREBLANCA C.F.
10257;Sevilla;CLUB ATLÉTICO CENTRAL
10273;Sevilla;C.F. FEMENINO CIUDAD DE DOS HERMANAS
10302;Sevilla;DOS HERMANAS CLUB DE FÚTBOL 1971
1037;Sevilla;CASTILLEJA C.F.
1038;Sevilla;ATLETICO VILLANUEVA
1044;Sevilla;LORA C.F.
1057;Sevilla;CAMPANA BALOMPIE
1066;Sevilla;C.D. CABECENSE
1073;Sevilla;C.D. ALTAIR
1078;Sevilla;TRIANA C.F.
1091;Sevilla;C.D. DEMO
1100;Sevilla;ATLETICO OLIVARENSE
1111;Sevilla;C.D. UTRERA
1139;Sevilla;C.D. AZNALCAZAR
1140;Sevilla;C.D. DE FUTBOL HERRERA
1141;Sevilla;C.M.D. SAN JUAN
1146;Sevilla;U.D. BELLAVISTA
1172;Sevilla;U.D. TOMARES
1179;Sevilla;U.D. RINCONADA
1189;Sevilla;CD. ASOC. DVA. NERVION
1300;Sevilla;LA BARRERA C.F.
1384;Sevilla;ESTRELLA SAN AGUSTIN
1395;Sevilla;C.D. PEDRERA
1425;Sevilla;SAN ROQUE BALOMPIE
1438;Sevilla;CAMINO VIEJO C.F.
1441;Sevilla;PEÑA BETICA ALCALA
1448;Sevilla;C.D. COLEGIO CLARET
1615;Sevilla;A.D. MOSQUEO
1633;Sevilla;U.D. LORETO
1875;Sevilla;C.D. ALCALA DE GUADAIRA F.S.
20002;Almería;C.D. ADRA TRAFALGAR 
20019;Almería;C.D. CENTRO DEPORTIVO ROQUETAS DE MAR
20023;Almería;CLUB DEPORTIVO MAAVI
20031;Almería;C.D. EDA CLUB DE FÚTBOL
20033;Almería;C.D. POLI EJIDO C.F.
20038;Almería;CD VICAR-VISTASOL FÚTBOL SALA
20051;Almería;C.D. ALMERIMAR UNIÓN DEPORTIVA
2024;Almería;A. D. PARADOR C. F.
2025;Almería;C.D. ESPAÑOL DEL ALQUIAN
2029;Almería;C.D. HUERCAL
2032;Almería;U.C.D. LA CAÑADA ATLETICO
2035;Almería;LAS NORIAS C.F.
2042;Almería;LOS MOLINOS C.F.
2049;Almería;C.D. MOJACAR
2055;Almería;U.D. ALMERIA S.A.D.
2092;Almería;C.D. VIATOR
2463;Almería;C.D. VERA
2481;Almería;C.D. UNIÓN DEPORTIVA PAVIA
2631;Almería;CLUB NATACION ALMERIA
2632;Almería;A.D. POLIDEPORTIVO AGUADULCE
2670;Almería;C.D. VILLA DE ALBOX
2743;Almería;U.D. CIUDAD DE ROQUETAS
2765;Almería;CLUB DE FÚTBOL ADRA
2789;Almería;C.D. VICAR CULTURAL
2803;Almería;C.D. COMARCA DE NÍJAR FÚTBOL SALA FEMENINO
2807;Almería;C.D. SAN URBANO LOS PARTIDORES
2809;Almería;C.D. U.D. COMARCA DE NIJAR
3001;Cádiz;CADIZ C.F., S.A.D.
3002;Cádiz;ALGECIRAS C.F., S.A.D.
3003;Cádiz;XEREZ C.D., S.A.D.
3004;Cádiz;RACING CLUB PORTUENSE
3006;Cádiz;REAL BALOMPEDICA LINENSE S.A.D.
3010;Cádiz;ARCOS C.F.
3015;Cádiz;CHICLANA C.F.
3020;Cádiz;C.D. GRUPO EMPRESA BAZAN  C.F.
3031;Cádiz;C.F. SAN JOSE OBRERO
3036;Cádiz;C.D. GUADALCACIN
3038;Cádiz;CHIPIONA C.F.
3039;Cádiz;C.D. BENALUP
3072;Cádiz;U.D. TESORILLO C.D.
3073;Cádiz;C.D. GUADIARO
3075;Cádiz;A.D. TARAGUILLA
3077;Cádiz;C.D. SAN ROQUE
3079;Cádiz;C.D. SAN BERNARDO
3080;Cádiz;U.D. LOS BARRIOS
3085;Cádiz;BARBATE C.F.
3160;Cádiz;C.D. ATLETICO SAN JOSE
3218;Cádiz;C.D. ISLEÑO SAN FERNANDO F.S.
3263;Cádiz;ATLETICO ZABAL
3277;Cádiz;CHICLANA IND. C.F.
3313;Cádiz;C.D. ISLA DE LEON FUTBOL BASE
3328;Cádiz;C.D. TRASMALLO F.C.
3392;Cádiz;JUVENTUD SANLUQUEÑA A.D.
3432;Cádiz;A.D. MARIANISTAS C.D.
3437;Cádiz;C.D. EL TORNO 2009
3452;Cádiz;C.D. CIUDAD DE CADIZ 
3557;Cádiz;BAHIA SAN FERNANDO C.D.
3559;Cádiz;C.D. ATLETICO PASTORES ALGECIRAS
3609;Cádiz;C.D. S.M. MIRADOR
3711;Cádiz;C.D. CÁDIZ FUTSAL
3751;Cádiz;C.D. SAN FERNANDO 1940
4001;Córdoba;CORDOBA C.F.
4003;Córdoba;C.D. POZOBLANCO
4004;Córdoba;MONTILLA C.F.
4009;Córdoba;PEÑARROYA PUEBLONUEVO C.F.
4013;Córdoba;C.D. MONTALBEÑO
4022;Córdoba;VILLA DEL RIO C.F.
4024;Córdoba;R.U.D. LA CARLOTA
4033;Córdoba;CLUB ATLETICO SAN LORENZO 
4038;Córdoba;SENECA C.F.
4052;Córdoba;FIGUEROA C.D.
4068;Córdoba;DON BOSCO C.F.
4077;Córdoba;C.D. CIUDAD JARDIN
4078;Córdoba;ATLETICO SENECA
4151;Córdoba;C.D. PEÑA LOS LEONES DEL ATHLETIC DE BILBAO DE POZOBLANCO
4185;Córdoba;C.D. ATLETICO ESPELEÑO
4196;Córdoba;C.D. APADEMAR
4229;Córdoba;C.D. APEDEM
4243;Córdoba;SALERM COSMETICS  PUENTE GENIL F.C.
4262;Córdoba;ATLETICO CORDOBES C.F.
4273;Córdoba;A.D. FUTBOL BASE DE BUJALANCE
4283;Córdoba;C.D. STADIUM
4290;Córdoba;C.D. ATLÉTICO MONTOREÑO
4299;Córdoba;C.D. DE FUTBOL JUANIN Y DIEGO
4313;Córdoba;A.D. DE FUTBOL BASE LA RAMBLA
4327;Córdoba;C.D. FUTBOL BASE POZOBLANCO
4353;Córdoba;C.D. CIUDAD DE LUCENA
4364;Córdoba;C.D. Y CULTURAL PALOMERA NARANJO
4372;Córdoba;C.D. GRANADAL FIGUEROA
4379;Córdoba;C.D. FUTBOL BASE EGABRENSE 
4380;Córdoba;C.D. DECORSENECA
4416;Córdoba;C.D. APAGA Y VAMONOS
4433;Córdoba;C.D. ASOC. DE FUTBOLISTAS ESPAÑOLES CORDOBA
4450;Córdoba;LUCECOR F.S.
4809;Córdoba;C.D. BOCA F.S. PRIEGO
5001;Granada;GRANADA C.F. S.A.D.
5009;Granada;U.D. MARACENA
5011;Granada;C.D. SANTA FE
5012;Granada;ARENAS DE ARMILLA CULTURA Y DEPORTE C.F.
5016;Granada;C.D. CHURRIANA DE LA VEGA C.F.
5017;Granada;ATARFE INDUSTRIAL C.F.
5018;Granada;C.D. VANDALIA DE PELIGROS C.F.
5028;Granada;CELTIC C.F. PULIANAS
5062;Granada;C.D. ATLÉTICO LA ZUBIA 
5115;Granada;CULLAR VEGA C.F.
5194;Granada;C.D. ATLÉTICO MONACHIL
5206;Granada;C.D. HUETOR TAJAR
5259;Granada;SALAR CLUB FUTBOL
5289;Granada;C.F. FUTBOL TOURS C.F. ALHENDIN BALOMPIÉ
5359;Granada;MONTEFRIO C.F.
5663;Granada;C.D. WE FUTBOL CLUB
5670;Granada;C.D. ESTRELLAS CHANA BARRIO
5673;Granada;CLUB DE FUTBOL MOTRIL
5684;Granada;C. D. ALBOLOTE FUTSAL
5688;Granada;C.D. ALGARINEJO 2012 F.S.
5694;Granada;C.D. DAMA DE BAZA BM
5702;Granada;C.D. DE FUTBOL COSTA TROPICAL
5743;Granada;CIUDAD CHAUCHINA 2015 C.F.
5752;Granada;C.D. ESPAÑOL ALBOLOTE
5781;Granada;CLUB DE FÚTBOL IMPERIO DE ALBOLOTE
5791;Granada;C.F. VILLANUEVA MESIA
6001;Huelva;REAL CLUB RVO HUELVA, S.A.D.
6005;Huelva;AYAMONTE C.F.
6007;Huelva;C.D. MOGUER
6011;Huelva;C.D. SAN ROQUE DE LEPE S.A.D.
6013;Huelva;BOLLULLOS C.F.
6025;Huelva;C.D. PUNTA UMBRIA
6050;Huelva;C.D. SPORTING CLUB
6055;Huelva;CALAÑAS ATLETICO
6061;Huelva;C.D. TRIGUEROS BALOMPIE
6081;Huelva;C.D. SIEMPRE ALEGRES
6101;Huelva;ALMONTE BALOMPIE
6230;Huelva;C.D. CULTURAL NUEVO MOLINO
6247;Huelva;BEAS C.F.
6257;Huelva;C.D. VILLALBA F.S.
6278;Huelva;C.D. RUBIAS
6323;Huelva;ATLETICO AZAHAR C.F. FEMENINO
6345;Huelva;C.D. LAMIYA
70002;Jaén;C.D. U.D. CIUDAD DE TORREDONJIMENO
70008;Jaén;LINARES DEPORTIVO, S.A.D.
7001;Jaén;REAL JAEN C.F., S.A.D.
70015;Jaén;C.D. ALCALA ENJOY
70024;Jaén;JAMILENA ATCO. C.D. DE FUTBOL
70055;Jaén;C.D. CASTELLAR IBERO
70056;Jaén;ILITURGI C.F. 2016
7006;Jaén;MARTOS C.D.
70061;Jaén;C.D. U.D. GUARROMAN VETERANOS
70065;Jaén;DEPORTIVO JAEN C.F.
70068;Jaén;C.D. ALCAUDETE JUNIORS
70070;Jaén;CLUB DEPORTIVO ENTRECAMINOS
70079;Jaén;CLUB DEPORTIVO ANDUJAR F7-F11
70083;Jaén;CLUB DE FUTBOL CIUDAD DE LINARES
70088;Jaén;CLUB DEPORTIVO COLEGIO ALTOCASTILLO
70095;Jaén;C.D. JABALQUINTO
70098;Jaén;CLUB DEPORTIVO IBROS
70099;Jaén;CLUB DEPORTIVO LOS GACHIS FUTSAL
70105;Jaén;C.D. LUPIÓN ATLÉTICO C.F.
70109;Jaén;CLUB DEPORTIVO LONCHU
7011;Jaén;BAEZA C.F.
70113;Jaén;BALOMPÉDICA JAÉN FOOTBALL CLUB
7012;Jaén;ATLETICO DE PORCUNA C.F.
70120;Jaén;CLUB DEPORTIVO REALEB
70121;Jaén;CLUB DE FÚTBOL SANTISTEBAN
70129;Jaén;CLUB DEPORTIVO SPORTING LA CAROLINA BALOMPIE
70130;Jaén;CLUB DEPORTIVO INTER DE SABIOTE 2026
70132;Jaén;SECCIÓN DEPORTIVA CAZORLA
7015;Jaén;C.D. UTICA
7017;Jaén;HUELMA C.P.
7018;Jaén;U.D. GUARROMAN
7024;Jaén;ARQUILLOS C.F.
7025;Jaén;C.D. TORREPEROGIL
7027;Jaén;U.D. CAZORLA
7028;Jaén;BEGIJAR C.F.
7040;Jaén;VILLARGORDO C.F.
7047;Jaén;ASOC. DVA. LOPERA
7049;Jaén;C.D. VILLANUEVA
7072;Jaén;IBROS C.F.
7120;Jaén;C.D. NAVAS 2006
7151;Jaén;URGAVONA C.F.
7153;Jaén;C.D. A.D. CASTILLO DE LOCUBIN
7161;Jaén;C.F. SANTO TOME
7168;Jaén;ATLETICO MANCHA REAL
7197;Jaén;JODAR E.M.
7201;Jaén;VILLACARRILLO E.M.D.
7245;Jaén;FUENSANTA C.F.
7252;Jaén;ATLETICO JAEN F.C.
7254;Jaén;VILLANUEVA ARZOBISPO E.M.
7259;Jaén;C.D. BETIS ILITURGITANO
7262;Jaén;QUESADA C.D.
7271;Jaén;C.D. LINARES CLUB DE FUTBOL
7309;Jaén;ATLÉTICO SABIOTE
7312;Jaén;SIERRA DE SEGURA C.F.
7826;Jaén;C.D. UBEDA VIVA
7840;Jaén;C.D. TUGIA JUEGO LIMPIO ROMERO VERDE
7851;Jaén;C.D. HISPANIA DE TORREDELCAMPO
7860;Jaén;C.D. U.D. SAN FELIPE
7867;Jaén;C.D. BEAS DE SEGURA
7869;Jaén;CLUB ATLETICO ARJONILLA
7873;Jaén;INTER DE JAEN C.F.
7885;Jaén;CAROLINENSE C.D.
7887;Jaén;C.D. TUCCITANA
7890;Jaén;HUESA U.D.
7898;Jaén;C.D. ATLETICO MENGIBAR
80013;Málaga;COSTA UNIDA C.F.
8003;Málaga;MALAGA C.F. S.A.D.
80036;Málaga;UNION MANILVA C.F. C.D.
80050;Málaga;C.D. VALLE DE ABDALAJIS U.D.
80051;Málaga;FUENGIROLA ATHLETIC CLUB C.D.
8008;Málaga;C.D. RONDA
80086;Málaga;ARDALES ATLETICO C.D.
8009;Málaga;PTO.MALAGUEÑO CDAD.JARDIN G.I.
80090;Málaga;C.D. ESTEPONA FUTBOL BASE
8010;Málaga;U.D. FUENGIROLA LOS BOLICHES
8011;Málaga;C.D. EL PALO FÚTBOL CLUB
8012;Málaga;C.D. JUVENTUD DE TORREMOLINOS C.F.
8015;Málaga;C.D. ATLETICO BENAMIEL C.F.
8017;Málaga;ALHAURIN DE LA TORRE C.F.
80181;Málaga;C.D. ASOCIACIÓN DEPORTIVA BENALMADENA E.F.
80213;Málaga;C.D. ATLÉTICO FEMENINO BEN-NAMIEL
80235;Málaga;C. D. FUTSAL ARCHIDONA
8024;Málaga;C.D. MIJAS
80245;Málaga;CLUB DEPORTIVO GAMARRA
8025;Málaga;C.D. NERJA
80251;Málaga;C.D. VELEZ C.F. 1922
8026;Málaga;MARBELLA F.C.
80263;Málaga;ORTEGA MALAGA FUTBOL CLUB DEPORTIVO
8027;Málaga;C.D. RINCON
8028;Málaga;C.D. CHURRIANA
8047;Málaga;CAMPILLOS C.D.
8052;Málaga;C.D. CASABERMEJA
8063;Málaga;U.D. MORTADELO
8072;Málaga;C.D. ATHLETIC PUERTA BLANCA
8084;Málaga;C.D. TIRO PICHON
8086;Málaga;LA CALA C.D.
8113;Málaga;ARCHIDONA ATCO.
8144;Málaga;MALAKA C.F. A.D.
8174;Málaga;C.D. TRABUCO
8260;Málaga;C.D. VAZQUEZ CULTURAL
8282;Málaga;C.D. U.D. DOS HERMANAS SAN ANDRES
8343;Málaga;C.D. BENAGALBON
8400;Málaga;C.D. SIERRA DE YEGUAS
8401;Málaga;PEÑA COMPADRES
8419;Málaga;C.D. LA UNIDAD NUEVA MALAGA
8445;Málaga;A.D. ALMAYATE
8467;Málaga;CLUB POLIDEPORTIVO MIJAS LAS LAGUNAS
8475;Málaga;ANTEQUERA C.F. S.A.D.
8476;Málaga;C.D. 26 DE FEBRERO
8493;Málaga;U.D. LA MOSCA
8609;Málaga;CANDOR C.F.
8645;Málaga;C.D. ATLÉTICO DE MARBELLA PARAISO 
8646;Málaga;GUADALMAR C.D.
8688;Málaga;C.D.  FÚTBOL CLUB MARBELLI
8695;Málaga;C.D. E.F. JOSE SANTACRUZ
8756;Málaga;C.D. SAN FELIX
8762;Málaga;TOTALAN ATLETICO
